﻿[
  {
    "id": "post-winter-festival-2026",
    "type": "post",
    "title": "Ջերմուկի Ձմեռային Փառատոն 2026",
    "excerpt": "Սպասվում է մեծ տոնակատարություն՝ ձնեմարդու մրցույթ և համերգ:",
    "content": "Փետրվարի 15-ին Ջերմուկում տեղի կունենա ամենամյա ձմեռային փառատոնը...",
    "cover": "https://images.unsplash.com/photo-1547623641-82f9d41b4ca9?auto=format&fit=crop&w=800&q=80",
    "tags": ["event", "winter", "festival"],
    "publishedAt": "2026-02-01",
    "status": "active"
  }
]
