[
  {
    "id": "armenia-wellness",
    "type": "hotel",
    "title": "Armenia Wellness & SPA Hotel",
    "subtitle": "Premium Sanatorium • Historic • Gym",
    "description": "«Արմենիա» առողջարանը Ջերմուկի ամենատպավորիչ շենքերից մեկն է՝ կառուցված դասական հայկական ճարտարապետության ոճով։ Գտնվում է անմիջապես Ըմպելասրահի (Գալերեայի) հարևանությամբ։",
    "address": "Մյասնիկյան փողոց 2, Ջերմուկ, Հայաստան",
    "geo": {
      "lat": 39.8398,
      "lng": 45.6715
    },
    "rating": 4.8,
    "reviews": 230,
    "currency": "AMD",
    "priceFrom": 35000,
    "tags": [
      "luxury",
      "medical",
      "spa",
      "gym",
      "historical",
      "location",
      "food"
    ],
    "amenities": [
      "Բարձրակարգ բժշկական կենտրոն",
      "Սեփական հանքային ջրի աղբյուր ներսում",
      "Պրոֆեսիոնալ Մարզասրահ (Gym)",
      "Փակ լողավազան",
      "Ռեստորան (բուֆե և պատվերով)",
      "Բար և Բիլիարդ",
      "Կոնֆերանս դահլիճ",
      "VIP սենյակներ",
      "Անվճար Wi-Fi",
      "Ավտոկայանատեղի"
    ],
    "gallery": [
      "https://upload.wikimedia.org/wikipedia/commons/2/23/Jermuk_Armenia_Health_Spa.jpg",
      "https://images.unsplash.com/photo-1551632436-cbf8dd354ca8?auto=format&fit=crop&w=1200&q=80",
      "https://images.unsplash.com/photo-1544161515-4ab6ce6db874?auto=format&fit=crop&w=1200&q=80",
      "https://images.unsplash.com/photo-1512918580421-b2feee3b85a6?auto=format&fit=crop&w=1200&q=80",
      "https://images.unsplash.com/photo-1551882547-ff40c63fe5fa?auto=format&fit=crop&w=1200&q=80",
      "https://upload.wikimedia.org/wikipedia/commons/9/9e/Jermuk_Hotel_and_Spa.jpg",
      "https://upload.wikimedia.org/wikipedia/commons/e/e3/Jermuk_Tsolk_Waterfall.jpg"
    ],
    "bookingOptions": [
      {
        "provider": "jermuktravel",
        "label": "Ամրագրել մեր կայքից (Զեղչով)",
        "priority": 1,
        "channels": [
          {
            "type": "telegram",
            "url": "https://t.me/+ITqRV82Y5OdkY2Ey"
          },
          {
            "type": "whatsapp",
            "url": "https://wa.me/37494222612"
          }
        ]
      },
      {
        "provider": "official",
        "label": "Ամրագրել հյուրանոցի կայքից",
        "priority": 2,
        "url": "http://www.jermukarmenia.com/"
      },
      {
        "provider": "booking",
        "label": "Booking.com",
        "priority": 3,
        "url": "https://www.booking.com/hotel/am/armenia-wellness-amp-spa.html"
      }
    ],
    "status": "active",
    "updatedAt": "2026-01-27"
  }
]