[
  {
    "id": "jermuk-hotel-spa",
    "type": "hotel",
    "title": "Jermuk Hotel & SPA",
    "subtitle": "Modern Hotel • Family Friendly • Pool",
    "description": "Ժամանակակից, լուսավոր և ընդարձակ՝ Jermuk Hotel & SPA-ն կատարյալ է ընտանեկան հանգստի համար։ Աչքի է ընկնում իր մեծ լողավազանով, համեղ խոհանոցով և երեխաների համար նախատեսված հարմարություններով։",
    "address": "Մյասնիկյան փողոց 27, Ջերմուկ, Հայաստան",
    "geo": {
      "lat": 39.8405,
      "lng": 45.6682
    },
    "rating": 4.7,
    "reviews": 195,
    "currency": "AMD",
    "priceFrom": 32000,
    "tags": [
      "modern",
      "spa",
      "pool",
      "family",
      "kids-club",
      "bar",
      "wifi",
      "views"
    ],
    "amenities": [
      "Մեծ փակ լողավազան (ջեռուցվող)",
      "Շոգեբաղնիք և SPA ծառայություններ",
      "Ընդարձակ մարզասրահ",
      "Մանկական խաղասենյակ",
      "Ռեստորան (հայկական և եվրոպական)",
      "Տեռասա՝ գեղեցիկ տեսարանով",
      "Կոնֆերանս դահլիճ",
      "Սմարթ TV սենյակներում",
      "Անվճար Wi-Fi",
      "Էլեկտրական մեքենաների լիցքավորում"
    ],
    "gallery": [
      "https://upload.wikimedia.org/wikipedia/commons/9/9e/Jermuk_Hotel_and_Spa.jpg",
      "https://images.unsplash.com/photo-1571003123894-1f0594d2b5d9?auto=format&fit=crop&w=1200&q=80",
      "https://images.unsplash.com/photo-1600596542815-3ad19fb2cb16?auto=format&fit=crop&w=1200&q=80",
      "https://images.unsplash.com/photo-1566073771259-6a8506099945?auto=format&fit=crop&w=1200&q=80",
      "https://images.unsplash.com/photo-1584132967334-10e028bd69f7?auto=format&fit=crop&w=1200&q=80",
      "https://upload.wikimedia.org/wikipedia/commons/e/e3/Jermuk_Tsolk_Waterfall.jpg",
      "https://upload.wikimedia.org/wikipedia/commons/2/2c/Jermuk_water_gallery.jpg"
    ],
    "bookingOptions": [
      {
        "provider": "jermuktravel",
        "label": "Ամրագրել մեր կայքից (Զեղչով)",
        "priority": 1,
        "channels": [
          {
            "type": "telegram",
            "url": "https://t.me/+ITqRV82Y5OdkY2Ey"
          },
          {
            "type": "whatsapp",
            "url": "https://wa.me/37494222612"
          }
        ]
      },
      {
        "provider": "official",
        "label": "Ամրագրել հյուրանոցի կայքից",
        "priority": 2,
        "url": "https://jermukhotel.am/"
      },
      {
        "provider": "booking",
        "label": "Booking.com",
        "priority": 3,
        "url": "https://www.booking.com/hotel/am/jermuk-hotel-amp-spa.html"
      }
    ],
    "status": "active",
    "updatedAt": "2026-01-27"
  }
]