[
  {
    "id": "nairi-jermuk",
    "type": "hotel",
    "title": "Nairi Hotel Jermuk",
    "subtitle": "Hotel • Budget Friendly • Views",
    "description": "«Նաիրի» հյուրանոցը լավ տարբերակ է նրանց համար, ովքեր փնտրում են մատչելի հանգիստ, բայց լավ պայմաններով։ Սենյակներից բացվում է գեղեցիկ տեսարան դեպի Ջերմուկի ձորը։",
    "address": "Ձախափնյակ թաղամաս, Ջերմուկ, Հայաստան",
    "geo": {
      "lat": 39.838,
      "lng": 45.66
    },
    "rating": 4.0,
    "reviews": 90,
    "currency": "AMD",
    "priceFrom": 15000,
    "tags": [
      "budget",
      "view",
      "quiet",
      "simple",
      "wifi",
      "parking"
    ],
    "amenities": [
      "Ռեստորան (հայկական խոհանոց)",
      "Հիանալի տեսարան դեպի ձոր",
      "Անվճար Wi-Fi",
      "Ավտոկայանատեղի",
      "Շուրջօրյա ընդունարան",
      "Ջեռուցման համակարգ"
    ],
    "gallery": [
      "https://upload.wikimedia.org/wikipedia/commons/thumb/1/18/Jermuk_Armenia_5.jpg/1024px-Jermuk_Armenia_5.jpg",
      "https://images.unsplash.com/photo-1566073771259-6a8506099945?auto=format&fit=crop&w=1200&q=80",
      "https://images.unsplash.com/photo-1590490360182-c33d57733427?auto=format&fit=crop&w=1200&q=80",
      "https://upload.wikimedia.org/wikipedia/commons/2/2c/Jermuk_water_gallery.jpg",
      "https://images.unsplash.com/photo-1501117716987-c8e1ecb210c7?auto=format&fit=crop&w=1200&q=80",
      "https://images.unsplash.com/photo-1551632436-cbf8dd354ca8?auto=format&fit=crop&w=1200&q=80",
      "https://images.unsplash.com/photo-1544161515-4ab6ce6db874?auto=format&fit=crop&w=1200&q=80"
    ],
    "bookingOptions": [
      {
        "provider": "jermuktravel",
        "label": "Ամրագրել մեր կայքից",
        "priority": 1,
        "channels": [
          {
            "type": "telegram",
            "url": "https://t.me/+ITqRV82Y5OdkY2Ey"
          },
          {
            "type": "whatsapp",
            "url": "https://wa.me/37494222612"
          }
        ]
      },
      {
        "provider": "booking",
        "label": "Booking.com",
        "priority": 2,
        "url": "https://www.booking.com/hotel/am/nairi.html"
      }
    ],
    "status": "active",
    "updatedAt": "2026-01-27"
  }
]