[
  {
    "id": "verona-resort",
    "type": "hotel",
    "title": "Verona Resort Jermuk",
    "subtitle": "Boutique Hotel • Lake View • Relax",
    "description": "Verona Resort-ը գտնվում է Ջերմուկի գեղատեսիլ լճի (Յոթնաղբյուր) հենց ափին։ Այն առաջարկում է հանգիստ մթնոլորտ, գեղեցիկ տեսարան պատշգամբից և համեղ խոհանոց։",
    "address": "Մյասնիկյան փողոց 1, Ջերմուկ, Հայաստան",
    "geo": {
      "lat": 39.8402,
      "lng": 45.6708
    },
    "rating": 4.5,
    "reviews": 160,
    "currency": "AMD",
    "priceFrom": 25000,
    "tags": [
      "lake-view",
      "nature",
      "boutique",
      "restaurant",
      "romantic",
      "wifi"
    ],
    "amenities": [
      "Սենյակներ՝ տեսարանով դեպի լիճ",
      "Ռեստորան և սրճարան բացօթյա հատվածով",
      "Նավակների վարձույթ (սեզոնային)",
      "Բար",
      "Սենյակների սպասարկում (Room Service)",
      "Անվճար Wi-Fi",
      "Ավտոկայանատեղի",
      "Ընտանեկան համարներ"
    ],
    "gallery": [
      "https://images.unsplash.com/photo-1505691938895-1cd5874c1516?auto=format&fit=crop&w=1200&q=80",
      "https://images.unsplash.com/photo-1566073771259-6a8506099945?auto=format&fit=crop&w=1200&q=80",
      "https://images.unsplash.com/photo-1540544660406-6a69dacb2804?auto=format&fit=crop&w=1200&q=80",
      "https://images.unsplash.com/photo-1582719478250-c89cae4dc85b?auto=format&fit=crop&w=1200&q=80",
      "https://images.unsplash.com/photo-1595576508898-0ad5c879a061?auto=format&fit=crop&w=1200&q=80",
      "https://upload.wikimedia.org/wikipedia/commons/e/e3/Jermuk_Tsolk_Waterfall.jpg",
      "https://upload.wikimedia.org/wikipedia/commons/2/2c/Jermuk_water_gallery.jpg"
    ],
    "bookingOptions": [
      {
        "provider": "jermuktravel",
        "label": "Ամրագրել մեր կայքից (Զեղչով)",
        "priority": 1,
        "channels": [
          {
            "type": "telegram",
            "url": "https://t.me/+ITqRV82Y5OdkY2Ey"
          },
          {
            "type": "whatsapp",
            "url": "https://wa.me/37494222612"
          }
        ]
      },
      {
        "provider": "booking",
        "label": "Booking.com",
        "priority": 2,
        "url": "https://www.booking.com/hotel/am/verona-resort.html"
      }
    ],
    "status": "active",
    "updatedAt": "2026-01-27"
  }
]