{
  "id": "aaa-jermuk-guesthouse",
  "type": "hotels",
  "title": {
    "hy": "AAA Jermuk Guesthouse",
    "en": "AAA Jermuk Guesthouse",
    "ru": "AAA Jermuk Guesthouse"
  },
  "desc": {
    "hy": "Հյուրատուն Ջերմուկում՝ հարմարավետ հանգստի համար։",
    "en": "",
    "ru": ""
  },
  "address": {
    "hy": "Ջերմուկ, Շահումյան փ. 32/3",
    "en": "Jermuk, Shahumyan St. 32/3",
    "ru": "Джермук, ул. Шаумяна 32/3"
  },
  "phones": [
    "+37494575862",
    "+37499040805"
  ],
  "phone": "+37494575862",
  "whatsapp": "",
  "amenities": [
    "wifi",
    "guesthouse",
    "parking"
  ],
  "tags": [
    "stay",
    "guesthouse"
  ],
  "gallery": [
    "https://images.unsplash.com/photo-1566073771259-6a8506099945?auto=format&fit=crop&w=1200&q=80",
    "https://images.unsplash.com/photo-1542314831-068cd1dbfeeb?auto=format&fit=crop&w=1200&q=80",
    "https://images.unsplash.com/photo-1551887373-6bc8d96f2e20?auto=format&fit=crop&w=1200&q=80"
  ],
  "gallery_note_hy": "Նկարները demo/stock են (ոչ պարտադիր տվյալ օբյեկտին պատկանող)։ Հետո կփոխենք իրական նկարներով։",
  "geo": {
    "lat": null,
    "lng": null
  },
  "website": "https://www.spyur.am/en/companies/aaa-jermuk-guesthouse/48727/",
  "booking_link": "",
  "rating": null,
  "price_level": null,
  "status": "active",
  "updated": "2026-01-25",
  "sources": {
    "spyur": "https://www.spyur.am/en/companies/aaa-jermuk-guesthouse/48727/"
  }
}