{
  "id": "ani-hotel",
  "type": "hotels",
  "title": {
    "hy": "Ani Hotel Jermuk",
    "ru": "Ani Hotel Jermuk",
    "en": "Ani Hotel Jermuk"
  },
  "desc": {
    "hy": "3* հյուրանոց՝ Ջերմուկում՝ հարմար սենյակներով և մատչելի գներով։",
    "ru": "",
    "en": ""
  },
  "address": {
    "hy": "Ջերմուկ, Շահումյան փ. 26",
    "ru": "Джермук, ул. Шаумяна 26",
    "en": "Jermuk, Shahumyan St. 26"
  },
  "phone": "+37460741727",
  "whatsapp": "37496211727",
  "amenities": [
    "wifi",
    "restaurant",
    "parking"
  ],
  "tags": [
    "stay"
  ],
  "gallery": [
    "https://images.unsplash.com/photo-1566073771259-6a8506099945?auto=format&fit=crop&w=1200&q=80",
    "https://images.unsplash.com/photo-1542314831-068cd1dbfeeb?auto=format&fit=crop&w=1200&q=80",
    "https://images.unsplash.com/photo-1551887373-6bc8d96f2e20?auto=format&fit=crop&w=1200&q=80"
  ],
  "gallery_note_hy": "Նկարները demo/stock են (ոչ պարտադիր տվյալ հյուրանոցին պատկանող)։ Հետո կփոխենք իրական նկարներով։",
  "geo": {
    "lat": null,
    "lng": null
  },
  "website": "https://www.jermukani.am/",
  "booking_link": "https://www.jermukani.am/",
  "rating": null,
  "price_level": null,
  "status": "active",
  "updated": "2026-01-25",
  "sources": {
    "official_contacts": "jermukani.am/contacts",
    "spyur": "spyur.am/jermukani"
  }
}