{
  "id": "ararat-health",
  "type": "hotels",
  "title": {
    "hy": "Ararat Health Center (Jermuk)",
    "ru": "Ararat Health Center (Джермук)",
    "en": "Ararat Health Center (Jermuk)"
  },
  "desc": {
    "hy": "Առողջարանային կենտրոն՝ բուժական ծառայություններով և հանգստի պայմաններով։",
    "ru": "Оздоровительный центр со SPA и лечением.",
    "en": "Health center with wellness programs."
  },
  "address": {
    "hy": "Ջերմուկ, Շահումյան փ., 18",
    "ru": "Джермук, ул. Шаумяна 18",
    "en": "Jermuk, Shahumyan 18"
  },
  "phone": "+374 60 749355",
  "whatsapp": "37493399355",
  "amenities": [
    "Wi-Fi",
    "Medical",
    "Spa",
    "Restaurant"
  ],
  "tags": [
    "top",
    "spa"
  ],
  "gallery": [
    "https://images.unsplash.com/photo-1540555700478-4be289fbecef?auto=format&fit=crop&w=1200&q=80",
    "https://images.unsplash.com/photo-1526318472351-c75fcf070305?auto=format&fit=crop&w=1200&q=80",
    "https://images.unsplash.com/photo-1551887373-6bc8d96f2e20?auto=format&fit=crop&w=1200&q=80"
  ],
  "geo": {
    "lat": 39.8415,
    "lng": 45.6722
  },
  "website": "https://www.spyur.am/en/companies/ararat-mothers-and-childs-health-spa/1681/",
  "booking_link": "https://www.spyur.am/en/companies/ararat-mothers-and-childs-health-spa/1681/",
  "rating": 4.3,
  "price_level": 2
}