{
  "id": "armenia-wellness-spa-hotel",
  "type": "hotels",
  "title": {
    "hy": "Armenia Wellness & SPA Hotel (Jermuk Armenia)",
    "en": "Armenia Wellness & SPA Hotel (Jermuk Armenia)",
    "ru": "Armenia Wellness & SPA Hotel (Jermuk Armenia)"
  },
  "desc": {
    "hy": "Առողջարանային հյուրանոց՝ wellness/spa ուղղվածությամբ։",
    "en": "",
    "ru": ""
  },
  "address": {
    "hy": "Ջերմուկ, Մյասնիկյան փ. 2",
    "en": "Jermuk, Miasnikyan St. 2",
    "ru": "Джермук, ул. Мясникяна 2"
  },
  "phones": [
    "+37493155555"
  ],
  "phone": "+37493155555",
  "whatsapp": "",
  "website": "https://www.jermukarmenia.com/en/booking",
  "booking_link": "",
  "amenities": [],
  "tags": [
    "stay"
  ],
  "gallery": [
    "https://images.unsplash.com/photo-1566073771259-6a8506099945?auto=format&fit=crop&w=1200&q=80",
    "https://images.unsplash.com/photo-1542314831-068cd1dbfeeb?auto=format&fit=crop&w=1200&q=80",
    "https://images.unsplash.com/photo-1551887373-6bc8d96f2e20?auto=format&fit=crop&w=1200&q=80"
  ],
  "gallery_note_hy": "Նկարները demo/stock են (ոչ պարտադիր տվյալ օբյեկտին պատկանող)։ Հետո կփոխենք իրական նկարներով։",
  "geo": {
    "lat": null,
    "lng": null
  },
  "rating": null,
  "price_level": null,
  "status": "active",
  "updated": "2026-01-25",
  "sources": {
    "official_booking": "https://www.jermukarmenia.com/en/booking"
  }
}