{
  "id": "central-guest-house",
  "type": "hotels",
  "title": {
    "hy": "Central Guest House (Ջերմուկ)",
    "ru": "Central Guest House (Джермук)",
    "en": "Central Guest House (Jermuk)"
  },
  "desc": {
    "hy": "Հյուրատուն քաղաքի կենտրոնում՝ քայլելով մոտ է գլխավոր վայրերին։",
    "ru": "",
    "en": ""
  },
  "address": {
    "hy": "Ջերմուկ, Շահումյան փ. 12/3",
    "ru": "Джермук, ул. Шаумяна 12/3",
    "en": "Jermuk, Shahumyan St. 12/3"
  },
  "phone": "+37493177770",
  "whatsapp": "",
  "amenities": [
    "wifi",
    "parking"
  ],
  "tags": [
    "stay",
    "guesthouse"
  ],
  "gallery": [
    "https://images.unsplash.com/photo-1566073771259-6a8506099945?auto=format&fit=crop&w=1200&q=80",
    "https://images.unsplash.com/photo-1542314831-068cd1dbfeeb?auto=format&fit=crop&w=1200&q=80",
    "https://images.unsplash.com/photo-1551887373-6bc8d96f2e20?auto=format&fit=crop&w=1200&q=80"
  ],
  "gallery_note_hy": "Նկարները demo/stock են (ոչ պարտադիր տվյալ հյուրանոցին պատկանող)։ Հետո կփոխենք իրական նկարներով։",
  "geo": {
    "lat": null,
    "lng": null
  },
  "website": "http://www.jermukcentral.am",
  "booking_link": "http://www.jermukcentral.am",
  "rating": null,
  "price_level": null,
  "status": "active",
  "updated": "2026-01-25",
  "sources": {
    "spyur": "spyur.am/en/companies/central-guest-house/28146"
  }
}