{
  "id": "evmari-hotel",
  "type": "hotels",
  "title": {
    "hy": "Evmari Hotel",
    "en": "Evmari Hotel",
    "ru": "EVMARI Hotel"
  },
  "desc": {
    "hy": "Փոքր հյուրանոց՝ կենտրոնին մոտ, հարմար ընտանիքների համար։",
    "en": "",
    "ru": ""
  },
  "address": {
    "hy": "Ջերմուկ, Շահումյան փ. 3",
    "en": "Jermuk, Shahumyan St. 3",
    "ru": "Джермук, ул. Шаумяна 3"
  },
  "phones": [
    "+37477021814",
    "+37498411173"
  ],
  "phone": "+37477021814",
  "whatsapp": "",
  "amenities": [
    "wifi",
    "restaurant",
    "parking"
  ],
  "tags": [
    "stay"
  ],
  "gallery": [
    "https://images.unsplash.com/photo-1566073771259-6a8506099945?auto=format&fit=crop&w=1200&q=80",
    "https://images.unsplash.com/photo-1542314831-068cd1dbfeeb?auto=format&fit=crop&w=1200&q=80",
    "https://images.unsplash.com/photo-1551887373-6bc8d96f2e20?auto=format&fit=crop&w=1200&q=80"
  ],
  "gallery_note_hy": "Նկարները demo/stock են (ոչ պարտադիր տվյալ օբյեկտին պատկանող)։ Հետո կփոխենք իրական նկարներով։",
  "geo": {
    "lat": null,
    "lng": null
  },
  "website": "https://www.spyur.am/en/companies/evmari-hotel/4657/",
  "booking_link": "",
  "rating": null,
  "price_level": null,
  "status": "active",
  "updated": "2026-01-25",
  "sources": {
    "spyur": "https://www.spyur.am/en/companies/evmari-hotel/4657/",
    "pages": "https://www.pages.am/en/pages/evmari-hotel/"
  }
}