{
  "id": "gladzor-sanatorium-complex",
  "type": "hotels",
  "title": {
    "hy": "Gladzor Sanatorium Complex (Jermuk)",
    "en": "Gladzor Sanatorium Complex (Jermuk)",
    "ru": "Gladzor Sanatorium Complex (Jermuk)"
  },
  "desc": {
    "hy": "Առողջարանային համալիր՝ բուժական ծառայություններով։",
    "en": "",
    "ru": ""
  },
  "address": {
    "hy": "Ջերմուկ (Gladzor առողջարան)",
    "en": "Jermuk (Gladzor Sanatorium)",
    "ru": "Джермук (санаторий Гладзор)"
  },
  "phones": [
    "+37491201175",
    "+37428721175",
    "+37428721638"
  ],
  "phone": "+37491201175",
  "whatsapp": "",
  "website": "",
  "booking_link": "",
  "amenities": [],
  "tags": [
    "stay"
  ],
  "gallery": [
    "https://images.unsplash.com/photo-1566073771259-6a8506099945?auto=format&fit=crop&w=1200&q=80",
    "https://images.unsplash.com/photo-1542314831-068cd1dbfeeb?auto=format&fit=crop&w=1200&q=80",
    "https://images.unsplash.com/photo-1551887373-6bc8d96f2e20?auto=format&fit=crop&w=1200&q=80"
  ],
  "gallery_note_hy": "Նկարները demo/stock են (ոչ պարտադիր տվյալ օբյեկտին պատկանող)։ Հետո կփոխենք իրական նկարներով։",
  "geo": {
    "lat": null,
    "lng": null
  },
  "rating": null,
  "price_level": null,
  "status": "active",
  "updated": "2026-01-25",
  "sources": {
    "waynst": "https://waynst.com/en/place/gladzor-sanatorium-complex",
    "spyur": "https://www.spyur.am/en/companies/gladzor-sanatorium-complex/80741/"
  }
}