{
  "id": "grand-resort",
  "type": "hotels",
  "title": {
    "hy": "Grand Resort Jermuk",
    "ru": "Grand Resort Jermuk",
    "en": "Grand Resort Jermuk"
  },
  "desc": {
    "hy": "Բարձրակարգ առողջարանային համալիր՝ սպա, բուժում և լայն ծառայություններով։",
    "ru": "Курортный отель высокого класса со SPA и лечением.",
    "en": "High-end resort with spa, wellness and services."
  },
  "address": {
    "hy": "Ջերմուկ, Շահումյան փ., 7/5",
    "ru": "Джермук, ул. Шаумяна 7/5",
    "en": "Jermuk, Shahumyan 7/5"
  },
  "phone": "+374 60 740000",
  "whatsapp": "",
  "amenities": [
    "Wi-Fi",
    "Spa",
    "Pool",
    "Medical",
    "Restaurant",
    "Gym"
  ],
  "tags": [
    "top",
    "premium"
  ],
  "gallery": [
    "https://images.unsplash.com/photo-1541971875076-8f970d573be6?auto=format&fit=crop&w=1200&q=80",
    "https://images.unsplash.com/photo-1520250497591-112f2f40a3f4?auto=format&fit=crop&w=1200&q=80",
    "https://images.unsplash.com/photo-1501117716987-c8e1ecb210ba?auto=format&fit=crop&w=1200&q=80"
  ],
  "geo": {
    "lat": 39.842,
    "lng": 45.673
  },
  "website": "https://grandresortjermuk.com/",
  "booking_link": "https://grandresortjermuk.com/",
  "rating": 4.6,
  "price_level": 4
}