{
  "id": "hotel-life",
  "type": "hotels",
  "title": {
    "hy": "Hotel Life (Ջերմուկ)",
    "ru": "Hotel Life (Джермук)",
    "en": "Hotel Life (Jermuk)"
  },
  "desc": {
    "hy": "Փոքր հյուրանոց քաղաքի կենտրոնում՝ պարզ, հարմարավետ համարներով և անվճար Wi‑Fi։",
    "ru": "",
    "en": ""
  },
  "address": {
    "hy": "Ջերմուկ, Շահումյան փ. 10/1",
    "ru": "Джермук, ул. Шаумяна 10/1",
    "en": "Jermuk, Shahumyan St. 10/1"
  },
  "phone": "+37455811118",
  "whatsapp": "",
  "amenities": [
    "wifi",
    "24h",
    "parking"
  ],
  "tags": [
    "stay",
    "budget"
  ],
  "gallery": [
    "https://images.unsplash.com/photo-1566073771259-6a8506099945?auto=format&fit=crop&w=1200&q=80",
    "https://images.unsplash.com/photo-1542314831-068cd1dbfeeb?auto=format&fit=crop&w=1200&q=80",
    "https://images.unsplash.com/photo-1551887373-6bc8d96f2e20?auto=format&fit=crop&w=1200&q=80"
  ],
  "gallery_note_hy": "Նկարները demo/stock են (ոչ պարտադիր տվյալ հյուրանոցին պատկանող)։ Հետո կփոխենք իրական նկարներով։",
  "geo": {
    "lat": null,
    "lng": null
  },
  "website": "https://www.spyur.am/en/companies/life-hotel/5962/",
  "booking_link": "https://www.booking.com/hotel/am/life.html",
  "rating": null,
  "price_level": null,
  "status": "active",
  "updated": "2026-01-25",
  "sources": {
    "spyur": "spyur.am/lifehotel",
    "booking": "booking.com/hotel/am/life.html"
  }
}