{
  "id": "jermuk-guest-house",
  "type": "hotels",
  "title": {
    "hy": "Jermuk Guest House",
    "en": "Jermuk Guest House",
    "ru": "Jermuk Guest House"
  },
  "desc": {
    "hy": "Հյուրատուն Ջերմուկում՝ քաղաքի կենտրոնական հատվածում։",
    "en": "",
    "ru": ""
  },
  "address": {
    "hy": "Ջերմուկ, Շահումյան փ. 3/1",
    "en": "Jermuk, Shahumyan St. 3/1",
    "ru": "Джермук, ул. Шаумяна 3/1"
  },
  "phones": [
    "+37428723715"
  ],
  "phone": "+37428723715",
  "whatsapp": "",
  "amenities": [
    "wifi",
    "guesthouse"
  ],
  "tags": [
    "stay",
    "guesthouse"
  ],
  "gallery": [
    "https://images.unsplash.com/photo-1566073771259-6a8506099945?auto=format&fit=crop&w=1200&q=80",
    "https://images.unsplash.com/photo-1542314831-068cd1dbfeeb?auto=format&fit=crop&w=1200&q=80",
    "https://images.unsplash.com/photo-1551887373-6bc8d96f2e20?auto=format&fit=crop&w=1200&q=80"
  ],
  "gallery_note_hy": "Նկարները demo/stock են (ոչ պարտադիր տվյալ օբյեկտին պատկանող)։ Հետո կփոխենք իրական նկարներով։",
  "geo": {
    "lat": null,
    "lng": null
  },
  "website": "",
  "booking_link": "",
  "rating": null,
  "price_level": null,
  "status": "active",
  "updated": "2026-01-25",
  "sources": {
    "yandex_maps": "https://yandex.ru/maps/org/jermuk_guest_house/34614072685/"
  }
}