{
  "id": "jermuk-moscow-health-resort",
  "type": "hotels",
  "title": {
    "hy": "Jermuk Moscow Health Resort",
    "en": "Jermuk Moscow Health Resort",
    "ru": "Санаторий «Джермук Москва»"
  },
  "desc": {
    "hy": "Առողջարանային համալիր՝ բուժական ծրագրերով և հանգստի ծառայություններով։",
    "en": "",
    "ru": ""
  },
  "address": {
    "hy": "Ջերմուկ, Մելիք-Ադամյան փ. 6",
    "en": "Jermuk, Melik-Adamyan St. 6",
    "ru": "Джермук, ул. Мелик-Адамяна 6"
  },
  "phones": [
    "+37455431009"
  ],
  "phone": "+37455431009",
  "whatsapp": "+37455431009",
  "amenities": [
    "wifi",
    "medical",
    "spa",
    "restaurant"
  ],
  "tags": [
    "stay",
    "sanatorium"
  ],
  "gallery": [
    "https://images.unsplash.com/photo-1566073771259-6a8506099945?auto=format&fit=crop&w=1200&q=80",
    "https://images.unsplash.com/photo-1542314831-068cd1dbfeeb?auto=format&fit=crop&w=1200&q=80",
    "https://images.unsplash.com/photo-1551887373-6bc8d96f2e20?auto=format&fit=crop&w=1200&q=80"
  ],
  "gallery_note_hy": "Նկարները demo/stock են (ոչ պարտադիր տվյալ օբյեկտին պատկանող)։ Հետո կփոխենք իրական նկարներով։",
  "geo": {
    "lat": null,
    "lng": null
  },
  "website": "https://www.jermukmoscow.com/ru/contacts",
  "booking_link": "",
  "rating": null,
  "price_level": null,
  "status": "active",
  "updated": "2026-01-25",
  "sources": {
    "official_contacts": "https://www.jermukmoscow.com/ru/contacts",
    "spyur": "https://www.spyur.am/en/companies/jermuk-moscow-health-resort/5958/"
  }
}