{
  "id": "jermuk-hotel-and-spa",
  "type": "hotels",
  "title": {
    "hy": "Jermuk Hotel & SPA",
    "en": "Jermuk Hotel & SPA",
    "ru": "Jermuk Hotel & SPA"
  },
  "desc": {
    "hy": "Հյուրանոց և SPA ծառայություններ՝ քաղաքի հանգիստ հատվածում։",
    "en": "",
    "ru": ""
  },
  "address": {
    "hy": "Ջերմուկ, Մյասնիկյան փ. 27",
    "en": "Jermuk, Myasnikyan St. 27",
    "ru": "Джермук, ул. Мясникяна 27"
  },
  "phones": [
    "+37455441144",
    "+37460441144"
  ],
  "phone": "+37455441144",
  "whatsapp": "+37455441144",
  "website": "http://www.jermukhotel.am",
  "booking_link": "https://www.booking.com/hotel/am/jermuk-and-spa.html",
  "amenities": [],
  "tags": [
    "stay"
  ],
  "gallery": [
    "https://images.unsplash.com/photo-1566073771259-6a8506099945?auto=format&fit=crop&w=1200&q=80",
    "https://images.unsplash.com/photo-1542314831-068cd1dbfeeb?auto=format&fit=crop&w=1200&q=80",
    "https://images.unsplash.com/photo-1551887373-6bc8d96f2e20?auto=format&fit=crop&w=1200&q=80"
  ],
  "gallery_note_hy": "Նկարները demo/stock են (ոչ պարտադիր տվյալ օբյեկտին պատկանող)։ Հետո կփոխենք իրական նկարներով։",
  "geo": {
    "lat": null,
    "lng": null
  },
  "rating": null,
  "price_level": null,
  "status": "active",
  "updated": "2026-01-25",
  "sources": {
    "spyur": "https://www.spyur.am/en/companies/jermuk-hotel--spa/43167/",
    "booking": "https://www.booking.com/hotel/am/jermuk-and-spa.html"
  }
}