{
  "id": "jermuk-ashkharh-sanatorium-complex",
  "type": "hotels",
  "title": {
    "hy": "Jermuk Ashkharh Health Center",
    "en": "Jermuk Ashkharh Health Center",
    "ru": "Jermuk Ashkharh"
  },
  "desc": {
    "hy": "Առողջարանային համալիր՝ բուժում, հանգիստ և ծառայություններ (բուժական/առողջապահական)։",
    "en": "",
    "ru": ""
  },
  "address": {
    "hy": "Ջերմուկ, Շահումյան փ. 20",
    "en": "Jermuk, Shahumyan St. 20",
    "ru": "Джермук, ул. Шаумяна 20"
  },
  "phones": [
    "+37460742442",
    "+37495022442"
  ],
  "phone": "+37460742442",
  "whatsapp": "+37495022442",
  "amenities": [
    "wifi",
    "medical",
    "pool",
    "gym",
    "kids_room",
    "spa"
  ],
  "tags": [
    "stay",
    "sanatorium"
  ],
  "gallery": [
    "https://images.unsplash.com/photo-1566073771259-6a8506099945?auto=format&fit=crop&w=1200&q=80",
    "https://images.unsplash.com/photo-1542314831-068cd1dbfeeb?auto=format&fit=crop&w=1200&q=80",
    "https://images.unsplash.com/photo-1551887373-6bc8d96f2e20?auto=format&fit=crop&w=1200&q=80"
  ],
  "gallery_note_hy": "Նկարները demo/stock են (ոչ պարտադիր տվյալ օբյեկտին պատկանող)։ Հետո կփոխենք իրական նկարներով։",
  "geo": {
    "lat": null,
    "lng": null
  },
  "website": "https://www.spyur.am/en/companies/jermuk-ashkharh-sanatorium-complex/3866/",
  "booking_link": "",
  "rating": null,
  "price_level": null,
  "status": "active",
  "updated": "2026-01-25",
  "sources": {
    "spyur": "https://www.spyur.am/en/companies/jermuk-ashkharh-sanatorium-complex/3866/"
  }
}