{
  "id": "nairi-hotel",
  "type": "hotels",
  "title": {
    "hy": "Nairi Hotel Jermuk",
    "ru": "Nairi Hotel Jermuk",
    "en": "Nairi Hotel Jermuk"
  },
  "desc": {
    "hy": "Հյուրանոց Ջերմուկում՝ կենտրոնական տեղակայմամբ, հարմար ընտանեկան ու հանգիստ հանգստի համար։",
    "ru": "",
    "en": ""
  },
  "address": {
    "hy": "Ջերմուկ, Մյասնիկյան փ. 7/1",
    "ru": "Джермук, ул. Мясникяна 7/1",
    "en": "Jermuk, Myasnikyan St. 7/1"
  },
  "phone": "+37498101070",
  "whatsapp": "",
  "amenities": [
    "wifi",
    "parking"
  ],
  "tags": [
    "stay",
    "guesthouse"
  ],
  "gallery": [
    "https://images.unsplash.com/photo-1566073771259-6a8506099945?auto=format&fit=crop&w=1200&q=80",
    "https://images.unsplash.com/photo-1542314831-068cd1dbfeeb?auto=format&fit=crop&w=1200&q=80",
    "https://images.unsplash.com/photo-1551887373-6bc8d96f2e20?auto=format&fit=crop&w=1200&q=80"
  ],
  "gallery_note_hy": "Նկարները demo/stock են (ոչ պարտադիր տվյալ հյուրանոցին պատկանող)։ Հետո կփոխենք իրական նկարներով։",
  "geo": {
    "lat": null,
    "lng": null
  },
  "website": "https://www.facebook.com/NairihotelJermuk/",
  "booking_link": "",
  "rating": null,
  "price_level": null,
  "status": "active",
  "updated": "2026-01-25",
  "sources": {
    "phone_address": "spyur.am/jermuknairi",
    "facebook": "facebook.com/NairihotelJermuk"
  }
}