{
  "id": "olympia-sanatorium-hotel",
  "type": "hotels",
  "title": {
    "hy": "Olympia Sanatorium & Hotel Complex",
    "en": "Olympia Sanatorium & Hotel Complex",
    "ru": "Olympia Sanatorium & Hotel Complex"
  },
  "desc": {
    "hy": "Առողջարան և հյուրանոցային համալիր՝ բուժում և հանգիստ։",
    "en": "",
    "ru": ""
  },
  "address": {
    "hy": "Ջերմուկ, Շահումյան փ. 16",
    "en": "Jermuk, Shahumyan St. 16",
    "ru": "Джермук, ул. Шаумяна 16"
  },
  "phones": [
    "+37428722366",
    "+37494444904"
  ],
  "phone": "+37428722366",
  "whatsapp": "",
  "website": "https://jermukolympia.am/en/content/8/",
  "booking_link": "",
  "amenities": [],
  "tags": [
    "stay"
  ],
  "gallery": [
    "https://images.unsplash.com/photo-1566073771259-6a8506099945?auto=format&fit=crop&w=1200&q=80",
    "https://images.unsplash.com/photo-1542314831-068cd1dbfeeb?auto=format&fit=crop&w=1200&q=80",
    "https://images.unsplash.com/photo-1551887373-6bc8d96f2e20?auto=format&fit=crop&w=1200&q=80"
  ],
  "gallery_note_hy": "Նկարները demo/stock են (ոչ պարտադիր տվյալ օբյեկտին պատկանող)։ Հետո կփոխենք իրական նկարներով։",
  "geo": {
    "lat": null,
    "lng": null
  },
  "rating": null,
  "price_level": null,
  "status": "active",
  "updated": "2026-01-25",
  "sources": {
    "official_contacts": "https://jermukolympia.am/en/content/8/"
  }
}