{
  "id": "olympia-resort",
  "type": "hotels",
  "title": {
    "hy": "Olympia Resort Jermuk",
    "ru": "Olympia Resort Джермук",
    "en": "Olympia Resort Jermuk"
  },
  "desc": {
    "hy": "Ժամանակակից առողջարանային հյուրանոց՝ սպա, հանքային ջրեր և բուժական ծառայություններ։",
    "ru": "Современный курортный отель со SPA, минеральными водами и лечебными услугами.",
    "en": "Modern resort hotel with spa, mineral waters and medical wellness services."
  },
  "address": {
    "hy": "Ջերմուկ, Շահումյան փ.",
    "ru": "Джермук, ул. Шаумяна",
    "en": "Jermuk, Shahumyan st."
  },
  "phone": "+37428722366",
  "whatsapp": "37494444904",
  "amenities": [
    "wifi",
    "spa",
    "pool",
    "medical",
    "restaurant"
  ],
  "gallery": [
    "https://images.unsplash.com/photo-1566073771259-6a8506099945",
    "https://images.unsplash.com/photo-1542314831-068cd1dbfeeb"
  ],
  "booking_link": "https://jermukolympia.am",
  "rating": 4.4,
  "price_level": 3,
  "status": "active",
  "updated": "2026-01-25"
}