{
  "hy": {
    "name": "Ջերմուկ",
    "short": "Ջերմուկը առողջարանային քաղաք է Հայաստանում՝ հայտնի հանքային ջրերով, բնությամբ և հանգիստ մթնոլորտով։",
    "facts": {
      "elevation_m": 0,
      "region": "Վայոց Ձոր, Հայաստան"
    }
  },
  "ru": {
    "name": "Джермук",
    "short": "Джермук — курортный город в Армении, известный минеральными водами, природой и спокойной атмосферой.",
    "facts": {
      "elevation_m": 0,
      "region": "Вайоц Дзор, Армения"
    }
  },
  "en": {
    "name": "Jermuk",
    "short": "Jermuk is a resort town in Armenia known for mineral water, nature, and a calm vibe.",
    "facts": {
      "elevation_m": 0,
      "region": "Vayots Dzor, Armenia"
    }
  }
}