[
  {
    "id": "trails-1",
    "type": "trails",
    "title": {
      "hy": "Օրինակ trails 1",
      "ru": "Пример trails 1",
      "en": "Sample trails 1"
    },
    "desc": {
      "hy": "Կարճ նկարագրություն։",
      "ru": "Краткое описание.",
      "en": "Short description."
    },
    "address": {
      "hy": "Ջերմուկ",
      "ru": "Джермук",
      "en": "Jermuk"
    },
    "phone": "",
    "whatsapp": "",
    "amenities": [],
    "tags": [
      "demo"
    ],
    "gallery": [
      "/icons/icon-512.png"
    ],
    "geo": {
      "lat": null,
      "lng": null
    },
    "website": "",
    "booking_link": "",
    "rating": null,
    "price_level": null
  },
  {
    "id": "trails-2",
    "type": "trails",
    "title": {
      "hy": "Օրինակ trails 2",
      "ru": "Пример trails 2",
      "en": "Sample trails 2"
    },
    "desc": {
      "hy": "Կարճ նկարագրություն։",
      "ru": "Краткое описание.",
      "en": "Short description."
    },
    "address": {
      "hy": "Ջերմուկ",
      "ru": "Джермук",
      "en": "Jermuk"
    },
    "phone": "",
    "whatsapp": "",
    "amenities": [],
    "tags": [
      "demo"
    ],
    "gallery": [
      "/icons/icon-512.png"
    ],
    "geo": {
      "lat": null,
      "lng": null
    },
    "website": "",
    "booking_link": "",
    "rating": null,
    "price_level": null
  },
  {
    "id": "trails-3",
    "type": "trails",
    "title": {
      "hy": "Օրինակ trails 3",
      "ru": "Пример trails 3",
      "en": "Sample trails 3"
    },
    "desc": {
      "hy": "Կարճ նկարագրություն։",
      "ru": "Краткое описание.",
      "en": "Short description."
    },
    "address": {
      "hy": "Ջերմուկ",
      "ru": "Джермук",
      "en": "Jermuk"
    },
    "phone": "",
    "whatsapp": "",
    "amenities": [],
    "tags": [
      "demo"
    ],
    "gallery": [
      "/icons/icon-512.png"
    ],
    "geo": {
      "lat": null,
      "lng": null
    },
    "website": "",
    "booking_link": "",
    "rating": null,
    "price_level": null
  },
  {
    "id": "trails-4",
    "type": "trails",
    "title": {
      "hy": "Օրինակ trails 4",
      "ru": "Пример trails 4",
      "en": "Sample trails 4"
    },
    "desc": {
      "hy": "Կարճ նկարագրություն։",
      "ru": "Краткое описание.",
      "en": "Short description."
    },
    "address": {
      "hy": "Ջերմուկ",
      "ru": "Джермук",
      "en": "Jermuk"
    },
    "phone": "",
    "whatsapp": "",
    "amenities": [],
    "tags": [
      "demo"
    ],
    "gallery": [
      "/icons/icon-512.png"
    ],
    "geo": {
      "lat": null,
      "lng": null
    },
    "website": "",
    "booking_link": "",
    "rating": null,
    "price_level": null
  },
  {
    "id": "trails-5",
    "type": "trails",
    "title": {
      "hy": "Օրինակ trails 5",
      "ru": "Пример trails 5",
      "en": "Sample trails 5"
    },
    "desc": {
      "hy": "Կարճ նկարագրություն։",
      "ru": "Краткое описание.",
      "en": "Short description."
    },
    "address": {
      "hy": "Ջերմուկ",
      "ru": "Джермук",
      "en": "Jermuk"
    },
    "phone": "",
    "whatsapp": "",
    "amenities": [],
    "tags": [
      "demo"
    ],
    "gallery": [
      "/icons/icon-512.png"
    ],
    "geo": {
      "lat": null,
      "lng": null
    },
    "website": "",
    "booking_link": "",
    "rating": null,
    "price_level": null
  }
]