[
  {
    "id": "taxi-1",
    "type": "transport",
    "title": {
      "hy": "Տաքսի Ջերմուկ (օրինակ)",
      "ru": "Такси Джермук (пример)",
      "en": "Jermuk Taxi (sample)"
    },
    "desc": {
      "hy": "Տեղական տաքսի՝ արագ զանգ։",
      "ru": "Местное такси, быстрый звонок.",
      "en": "Local taxi, quick call."
    },
    "address": {
      "hy": "Ջերմուկ",
      "ru": "Джермук",
      "en": "Jermuk"
    },
    "phone": "091733633",
    "whatsapp": "091733633",
    "amenities": [],
    "tags": [
      "taxi"
    ],
    "gallery": [
      "/icons/icon-512.png"
    ],
    "geo": {
      "lat": null,
      "lng": null
    },
    "website": "",
    "booking_link": "",
    "rating": null,
    "price_level": null
  },
  {
    "id": "transport-1",
    "type": "transport",
    "title": {
      "hy": "Տրանսպորտ (օրինակ)",
      "ru": "Транспорт (пример)",
      "en": "Transport (sample)"
    },
    "desc": {
      "hy": "Փոխադրումներ քաղաքում/մոտակայքում։",
      "ru": "Перевозки по городу/рядом.",
      "en": "City/nearby transfers."
    },
    "address": {
      "hy": "Ջերմուկ",
      "ru": "Джермук",
      "en": "Jermuk"
    },
    "phone": "091733633",
    "whatsapp": "091733633",
    "amenities": [],
    "tags": [
      "transport"
    ],
    "gallery": [
      "/icons/icon-512.png"
    ],
    "geo": {
      "lat": null,
      "lng": null
    },
    "website": "",
    "booking_link": "",
    "rating": null,
    "price_level": null
  },
  {
    "id": "yerevan-1",
    "type": "transport",
    "title": {
      "hy": "Դեպի Երևան (օրինակ)",
      "ru": "В Ереван (пример)",
      "en": "To Yerevan (sample)"
    },
    "desc": {
      "hy": "Ջերմուկ ↔ Երևան ուղևորափոխադրում։",
      "ru": "Трансфер Джермук ↔ Ереван.",
      "en": "Jermuk ↔ Yerevan transfer."
    },
    "address": {
      "hy": "Ջերմուկ",
      "ru": "Джермук",
      "en": "Jermuk"
    },
    "phone": "091733633",
    "whatsapp": "091733633",
    "amenities": [],
    "tags": [
      "yerevan"
    ],
    "gallery": [
      "/icons/icon-512.png"
    ],
    "geo": {
      "lat": null,
      "lng": null
    },
    "website": "",
    "booking_link": "",
    "rating": null,
    "price_level": null
  },
  {
    "id": "offroad-1",
    "type": "transport",
    "title": {
      "hy": "Off-road 4x4 (օրինակ)",
      "ru": "Off-road 4x4 (пример)",
      "en": "Off-road 4x4 (sample)"
    },
    "desc": {
      "hy": "4x4 տուրեր՝ սարեր/կիրճեր։",
      "ru": "4x4 туры: горы/ущелья.",
      "en": "4x4 tours: mountains/canyons."
    },
    "address": {
      "hy": "Ջերմուկ",
      "ru": "Джермук",
      "en": "Jermuk"
    },
    "phone": "091733633",
    "whatsapp": "091733633",
    "amenities": [],
    "tags": [
      "offroad4x4"
    ],
    "gallery": [
      "/icons/icon-512.png"
    ],
    "geo": {
      "lat": null,
      "lng": null
    },
    "website": "",
    "booking_link": "",
    "rating": null,
    "price_level": null
  }
]